{
  "train_loss": [
    0.21760276360156755,
    0.21003235367132117,
    0.20802319943093703,
    0.07996120979393301,
    0.0321088503664923,
    0.020728461731478475,
    0.01519193146237374,
    0.010521153994535635,
    0.007255279776826461,
    0.005817947881372828
  ],
  "train_acc": [
    0.656893847900932,
    0.67683003767327,
    0.6832110604394614,
    0.8960379977287886,
    0.9620383221875732,
    0.9753681705932188,
    0.9819564864718712,
    0.9876705661805794,
    0.9917623519656795,
    0.9934747733294879
  ],
  "val_loss": [
    0.20202322514830495,
    0.19873196506323756,
    0.19841671722012286,
    0.030250804948784703,
    0.01996767187389529,
    0.01659232829981026,
    0.014747572418223644,
    0.010682936203028333,
    0.00952580816154058,
    0.007983989807796535
  ],
  "val_acc": [
    0.6904441453566622,
    0.7088660834454913,
    0.6646618438761777,
    0.9571416554508748,
    0.9693808882907133,
    0.9755635935397039,
    0.9790124495289367,
    0.9863307537012113,
    0.9921769851951547,
    0.991714333781965
  ]
}