{
  "train_loss": [
    0.21722913192984353,
    0.20210803333972546,
    0.19810670770675604,
    0.06635196096588783,
    0.025893647029915607,
    0.017060021216685265,
    0.011538975681384506,
    0.0068334996937847135,
    0.0034778331552662344,
    0.0019864543411813023
  ],
  "train_acc": [
    0.6622113668727581,
    0.6994430124195613,
    0.7097265533464319,
    0.9159291237810264,
    0.969708167348631,
    0.9806766768210249,
    0.987607476972439,
    0.9923301548389423,
    0.9958992014708798,
    0.9976026100906682
  ],
  "val_loss": [
    0.20607066703997903,
    0.1992751483079723,
    0.19678347588868994,
    0.03489399398301012,
    0.03780275364224655,
    0.018007123501266917,
    0.013533095248835725,
    0.010623265385190915,
    0.008594220396374273,
    0.006541322755590533
  ],
  "val_acc": [
    0.6199949528936743,
    0.7507150067294751,
    0.701800134589502,
    0.977414199192463,
    0.978171265141319,
    0.9816621803499327,
    0.9884757738896366,
    0.9888122476446837,
    0.9914619784656796,
    0.9937752355316285
  ]
}