{
  "train_loss": [
    0.23072676960652833,
    0.22630267098111445,
    0.22468485804059718,
    0.22321637410728506,
    0.22214492694820523,
    0.17696103567374502,
    0.08983521218026531,
    0.059903418142558486,
    0.04461173096654704,
    0.035017692779771896,
    0.030609877543424927,
    0.025632461079211844,
    0.022469619855074396,
    0.019214428876518155,
    0.017481390954361718,
    0.015291087665540291,
    0.01474896894093915,
    0.014159295580026883,
    0.013166533478434148,
    0.012203770711955775,
    0.011356964383877868,
    0.011557427968999504,
    0.011130882342041737,
    0.010943489321596663,
    0.011374763305392966
  ],
  "train_acc": [
    0.5959026659509751,
    0.6168634818393273,
    0.6227858293075684,
    0.6254338879942745,
    0.6298622293791376,
    0.7348362855609233,
    0.8822955806047593,
    0.9248166040436572,
    0.9448291286455538,
    0.9565485775630703,
    0.9628645553766326,
    0.9690284487385936,
    0.9732241903739488,
    0.9762390409733405,
    0.9793254607264269,
    0.9815262122025407,
    0.9822955806047593,
    0.9831454643048846,
    0.9842100554660941,
    0.9851672928967615,
    0.986634460547504,
    0.9861424226158526,
    0.9869744140275541,
    0.9869565217391304,
    0.9865539452495974
  ],
  "val_loss": [
    0.2849783996330329,
    0.2934226857017562,
    0.29351939768734636,
    0.2937747071236693,
    0.29320383975503256,
    0.23890039165335497,
    0.2552285944973228,
    0.27250901177774495,
    0.31716403323859976,
    0.31993631635270214,
    0.313645958801698,
    0.355648579390754,
    0.3947166757291012,
    0.38095327056108963,
    0.35817681545874036,
    0.36959435426234305,
    0.45146385119652466,
    0.4326637927337541,
    0.4470500246859792,
    0.4361504543940136,
    0.48217499542816267,
    0.39734061626722805,
    0.41561379571616874,
    0.4534544555901767,
    0.4440932894300544
  ],
  "val_acc": [
    0.39733105679367364,
    0.44734004313443565,
    0.4330966930265996,
    0.3971513299784328,
    0.3691588785046729,
    0.6487688713156002,
    0.7167505391804457,
    0.7115833932422717,
    0.7357566498921639,
    0.7314432063263839,
    0.7393961179007909,
    0.7463605319913731,
    0.7600647016534867,
    0.7490115025161754,
    0.7421369518332135,
    0.7433501078360891,
    0.7698598130841121,
    0.759929906542056,
    0.773049964054637,
    0.7698598130841121,
    0.7694104960460101,
    0.752381380301941,
    0.753864126527678,
    0.7636143062544932,
    0.7650071890726097
  ]
}